1,Skyler,Quinn,cscie12cscie151project+SkylerQuinn@gmail.com
2,Penelope,Payne,cscie12cscie151project+PenelopePayne@gmail.com
3,Adeline,Mckay,cscie12cscie151project+AdelineMckay@gmail.com
4,Allan,Xiong,cscie12cscie151project+AllanXiong@gmail.com
5,Kayla,Portillo,cscie12cscie151project+KaylaPortillo@gmail.com
6,Perry,Wade,cscie12cscie151project+PerryWade@gmail.com
7,Andy,Person,cscie12cscie151project+AndyPerson@gmail.com
8,Brad,Ho,cscie12cscie151project+BradHo@gmail.com
9,Misty,Andersen,cscie12cscie151project+MistyAndersen@gmail.com
10,Amanda,Johnson,cscie12cscie151project+AmandaJohnson@gmail.com
11,Ella,West,cscie12cscie151project+EllaWest@gmail.com
12,Sierra,Tanner,cscie12cscie151project+SierraTanner@gmail.com
13,Cora,Walters,cscie12cscie151project+CoraWalters@gmail.com
14,Loretta,Blanchard,cscie12cscie151project+LorettaBlanchard@gmail.com
15,Addison,Gray,cscie12cscie151project+AddisonGray@gmail.com
16,Monique,Mccann,cscie12cscie151project+MoniqueMccann@gmail.com
17,Claire,Maddox,cscie12cscie151project+ClaireMaddox@gmail.com
18,Alyssa,Enriquez,cscie12cscie151project+AlyssaEnriquez@gmail.com
19,Amir,Bentley,cscie12cscie151project+AmirBentley@gmail.com
20,Neil,Vaughn,cscie12cscie151project+NeilVaughn@gmail.com
21,Eleanor,Gould,cscie12cscie151project+EleanorGould@gmail.com
22,Antoinette,Solomon,cscie12cscie151project+AntoinetteSolomon@gmail.com
23,Colin,Elliott,cscie12cscie151project+ColinElliott@gmail.com
24,Carla,Griffith,cscie12cscie151project+CarlaGriffith@gmail.com
25,Lynne,Wood,cscie12cscie151project+LynneWood@gmail.com
26,Marco,Russell,cscie12cscie151project+MarcoRussell@gmail.com
27,Isaac,Kemp,cscie12cscie151project+IsaacKemp@gmail.com
28,June,Lara,cscie12cscie151project+JuneLara@gmail.com
29,Gretchen,Pratt,cscie12cscie151project+GretchenPratt@gmail.com
30,Shelley,Randall,cscie12cscie151project+ShelleyRandall@gmail.com
31,Howard,Ryan,cscie12cscie151project+HowardRyan@gmail.com
32,Faith,Cisneros,cscie12cscie151project+FaithCisneros@gmail.com
33,Franklin,Harrison,cscie12cscie151project+FranklinHarrison@gmail.com
34,Tristan,Cross,cscie12cscie151project+TristanCross@gmail.com
35,Ezra,Castillo,cscie12cscie151project+EzraCastillo@gmail.com
36,Derek,Welch,cscie12cscie151project+DerekWelch@gmail.com
37,Marjorie,Moody,cscie12cscie151project+MarjorieMoody@gmail.com
38,Armando,Price,cscie12cscie151project+ArmandoPrice@gmail.com
39,Isabella,Rasmussen,cscie12cscie151project+IsabellaRasmussen@gmail.com
40,Carolyn,Rios,cscie12cscie151project+CarolynRios@gmail.com
41,Miles,Hahn,cscie12cscie151project+MilesHahn@gmail.com
42,Tracy,Stuart,cscie12cscie151project+TracyStuart@gmail.com
43,Billie,Gilmore,cscie12cscie151project+BillieGilmore@gmail.com
44,Lawrence,Madden,cscie12cscie151project+LawrenceMadden@gmail.com
45,Nicolas,Goodwin,cscie12cscie151project+NicolasGoodwin@gmail.com
46,Dominick,Duncan,cscie12cscie151project+DominickDuncan@gmail.com
47,Josie,Edwards,cscie12cscie151project+JosieEdwards@gmail.com
48,Cheryl,Carrillo,cscie12cscie151project+CherylCarrillo@gmail.com
49,Isaiah,Medina,cscie12cscie151project+IsaiahMedina@gmail.com
50,Jeremy,Dunn,cscie12cscie151project+JeremyDunn@gmail.com
51,Xavier,Barrett,cscie12cscie151project+XavierBarrett@gmail.com
52,Gloria,Bush,cscie12cscie151project+GloriaBush@gmail.com
53,Ricardo,Lambert,cscie12cscie151project+RicardoLambert@gmail.com
54,Paul,Kline,cscie12cscie151project+PaulKline@gmail.com
55,Billy,Snow,cscie12cscie151project+BillySnow@gmail.com
56,Glenda,Chan,cscie12cscie151project+GlendaChan@gmail.com
57,Rylee,Underwood,cscie12cscie151project+RyleeUnderwood@gmail.com
58,Darren,Gonzales,cscie12cscie151project+DarrenGonzales@gmail.com
59,Peyton,Wise,cscie12cscie151project+PeytonWise@gmail.com
60,Gayle,Becker,cscie12cscie151project+GayleBecker@gmail.com
61,Brent,Wilcox,cscie12cscie151project+BrentWilcox@gmail.com
62,Karina,Roberson,cscie12cscie151project+KarinaRoberson@gmail.com
63,Sarah,Sutton,cscie12cscie151project+SarahSutton@gmail.com
64,Luis,Durham,cscie12cscie151project+LuisDurham@gmail.com
65,Devon,Farley,cscie12cscie151project+DevonFarley@gmail.com
66,Esmeralda,Goodman,cscie12cscie151project+EsmeraldaGoodman@gmail.com
67,Clifford,Ferguson,cscie12cscie151project+CliffordFerguson@gmail.com
68,Rick,Gill,cscie12cscie151project+RickGill@gmail.com
69,Quinn,Zavala,cscie12cscie151project+QuinnZavala@gmail.com
70,Easton,Hayes,cscie12cscie151project+EastonHayes@gmail.com
71,Javier,Simmons,cscie12cscie151project+JavierSimmons@gmail.com
72,Austin,Beltran,cscie12cscie151project+AustinBeltran@gmail.com
73,Felicia,Holland,cscie12cscie151project+FeliciaHolland@gmail.com
74,Nathan,Lyons,cscie12cscie151project+NathanLyons@gmail.com
75,Susan,Lawrence,cscie12cscie151project+SusanLawrence@gmail.com
76,Kaiden,Wolfe,cscie12cscie151project+KaidenWolfe@gmail.com
77,Vicky,Shaw,cscie12cscie151project+VickyShaw@gmail.com
78,Terri,Hester,cscie12cscie151project+TerriHester@gmail.com
79,Marie,Gates,cscie12cscie151project+MarieGates@gmail.com
80,Emilia,Newton,cscie12cscie151project+EmiliaNewton@gmail.com
81,Wesley,Reid,cscie12cscie151project+WesleyReid@gmail.com
82,Raul,Davila,cscie12cscie151project+RaulDavila@gmail.com
83,Aimee,Conrad,cscie12cscie151project+AimeeConrad@gmail.com
84,Elias,Reilly,cscie12cscie151project+EliasReilly@gmail.com
85,Margie,Haley,cscie12cscie151project+MargieHaley@gmail.com
86,Khloe,Hughes,cscie12cscie151project+KhloeHughes@gmail.com
87,Erika,Carlson,cscie12cscie151project+ErikaCarlson@gmail.com
88,Claudia,Lester,cscie12cscie151project+ClaudiaLester@gmail.com
89,Brittany,Conway,cscie12cscie151project+BrittanyConway@gmail.com
90,Zoey,Mcfarland,cscie12cscie151project+ZoeyMcfarland@gmail.com
91,Albert,Short,cscie12cscie151project+AlbertShort@gmail.com
92,Philip,Garcia,cscie12cscie151project+PhilipGarcia@gmail.com
93,Keith,Vincent,cscie12cscie151project+KeithVincent@gmail.com
94,Joel,Parks,cscie12cscie151project+JoelParks@gmail.com
95,Marcos,French,cscie12cscie151project+MarcosFrench@gmail.com
96,Jean,Carey,cscie12cscie151project+JeanCarey@gmail.com
97,Nicole,Dunlap,cscie12cscie151project+NicoleDunlap@gmail.com
98,Toni,Crawford,cscie12cscie151project+ToniCrawford@gmail.com
99,Kirk,Liu,cscie12cscie151project+KirkLiu@gmail.com
100,Jameson,Bernard,cscie12cscie151project+JamesonBernard@gmail.com
101,Elliott,Meyer,cscie12cscie151project+ElliottMeyer@gmail.com
102,Brooke,Reese,cscie12cscie151project+BrookeReese@gmail.com
103,Malik,Hess,cscie12cscie151project+MalikHess@gmail.com
104,Jill,Howell,cscie12cscie151project+JillHowell@gmail.com
105,Kim,Rangel,cscie12cscie151project+KimRangel@gmail.com
106,Ashton,Richardson,cscie12cscie151project+AshtonRichardson@gmail.com
107,Paula,Truong,cscie12cscie151project+PaulaTruong@gmail.com
108,Pamela,Singh,cscie12cscie151project+PamelaSingh@gmail.com
109,Cody,Hunt,cscie12cscie151project+CodyHunt@gmail.com
110,Lee,English,cscie12cscie151project+LeeEnglish@gmail.com
111,Robin,Reyes,cscie12cscie151project+RobinReyes@gmail.com
112,Angela,Bernal,cscie12cscie151project+AngelaBernal@gmail.com
113,Daniel,Norris,cscie12cscie151project+DanielNorris@gmail.com
114,Patty,Bartlett,cscie12cscie151project+PattyBartlett@gmail.com
115,Jamie,Bridges,cscie12cscie151project+JamieBridges@gmail.com
116,Brianna,Mosley,cscie12cscie151project+BriannaMosley@gmail.com
117,Patricia,Sampson,cscie12cscie151project+PatriciaSampson@gmail.com
118,Jo,Lowe,cscie12cscie151project+JoLowe@gmail.com
119,Adrian,Mills,cscie12cscie151project+AdrianMills@gmail.com
120,Norman,Quintero,cscie12cscie151project+NormanQuintero@gmail.com
121,Kaitlyn,Rollins,cscie12cscie151project+KaitlynRollins@gmail.com
122,Reginald,Murillo,cscie12cscie151project+ReginaldMurillo@gmail.com
123,Eden,Vargas,cscie12cscie151project+EdenVargas@gmail.com
124,Bryant,Cameron,cscie12cscie151project+BryantCameron@gmail.com
125,Latoya,Church,cscie12cscie151project+LatoyaChurch@gmail.com
126,Mark,Mullins,cscie12cscie151project+MarkMullins@gmail.com
127,Rodney,Carter,cscie12cscie151project+RodneyCarter@gmail.com
128,Caitlyn,Hendricks,cscie12cscie151project+CaitlynHendricks@gmail.com
129,Zane,Frank,cscie12cscie151project+ZaneFrank@gmail.com
130,Erick,Roth,cscie12cscie151project+ErickRoth@gmail.com
131,Kylie,Grant,cscie12cscie151project+KylieGrant@gmail.com
132,Alana,May,cscie12cscie151project+AlanaMay@gmail.com
133,Liam,Trevino,cscie12cscie151project+LiamTrevino@gmail.com
134,Donnie,Ventura,cscie12cscie151project+DonnieVentura@gmail.com
135,Valentina,Golden,cscie12cscie151project+ValentinaGolden@gmail.com
136,Ashlyn,Kent,cscie12cscie151project+AshlynKent@gmail.com
137,Corey,Holt,cscie12cscie151project+CoreyHolt@gmail.com
138,Juanita,Walsh,cscie12cscie151project+JuanitaWalsh@gmail.com
139,Suzanne,Garza,cscie12cscie151project+SuzanneGarza@gmail.com
140,Giselle,Dixon,cscie12cscie151project+GiselleDixon@gmail.com
141,Janelle,Stone,cscie12cscie151project+JanelleStone@gmail.com
142,Alejandra,Abbott,cscie12cscie151project+AlejandraAbbott@gmail.com
143,Naomi,Guerrero,cscie12cscie151project+NaomiGuerrero@gmail.com
144,Meghan,Greene,cscie12cscie151project+MeghanGreene@gmail.com
145,Jordan,Allen,cscie12cscie151project+JordanAllen@gmail.com
146,Clara,Holmes,cscie12cscie151project+ClaraHolmes@gmail.com
147,Morgan,Berger,cscie12cscie151project+MorganBerger@gmail.com
148,Bridget,Wright,cscie12cscie151project+BridgetWright@gmail.com
149,Eddie,Lam,cscie12cscie151project+EddieLam@gmail.com
150,Brielle,Larson,cscie12cscie151project+BrielleLarson@gmail.com
151,Jackson,Whitaker,cscie12cscie151project+JacksonWhitaker@gmail.com
152,Allyson,Montgomery,cscie12cscie151project+AllysonMontgomery@gmail.com
153,Harley,Cain,cscie12cscie151project+HarleyCain@gmail.com
154,Jacquelyn,Salazar,cscie12cscie151project+JacquelynSalazar@gmail.com
155,Rebekah,Aguilar,cscie12cscie151project+RebekahAguilar@gmail.com
156,Sebastian,Romero,cscie12cscie151project+SebastianRomero@gmail.com
157,Samantha,Jordan,cscie12cscie151project+SamanthaJordan@gmail.com
158,Elijah,Acevedo,cscie12cscie151project+ElijahAcevedo@gmail.com
159,Alex,Brewer,cscie12cscie151project+AlexBrewer@gmail.com
160,Maggie,Proctor,cscie12cscie151project+MaggieProctor@gmail.com
161,Johnathan,Kirby,cscie12cscie151project+JohnathanKirby@gmail.com
162,Jason,Woodard,cscie12cscie151project+JasonWoodard@gmail.com
163,Ariana,Roman,cscie12cscie151project+ArianaRoman@gmail.com
164,Jeffery,Arellano,cscie12cscie151project+JefferyArellano@gmail.com
165,Lance,Prince,cscie12cscie151project+LancePrince@gmail.com
166,Megan,Mcdowell,cscie12cscie151project+MeganMcdowell@gmail.com
167,Carlos,Shah,cscie12cscie151project+CarlosShah@gmail.com
168,Phillip,Wilson,cscie12cscie151project+PhillipWilson@gmail.com
169,Levi,Sawyer,cscie12cscie151project+LeviSawyer@gmail.com
170,Joann,Steele,cscie12cscie151project+JoannSteele@gmail.com
171,Nadia,Frederick,cscie12cscie151project+NadiaFrederick@gmail.com
172,Heather,Wolf,cscie12cscie151project+HeatherWolf@gmail.com
173,Delilah,York,cscie12cscie151project+DelilahYork@gmail.com
174,Emma,Palmer,cscie12cscie151project+EmmaPalmer@gmail.com
175,Brenda,Huynh,cscie12cscie151project+BrendaHuynh@gmail.com
176,Violet,Campos,cscie12cscie151project+VioletCampos@gmail.com
177,Elena,Hickman,cscie12cscie151project+ElenaHickman@gmail.com
178,Weston,Dorsey,cscie12cscie151project+WestonDorsey@gmail.com
179,Luna,Whitney,cscie12cscie151project+LunaWhitney@gmail.com
180,Emery,Rowe,cscie12cscie151project+EmeryRowe@gmail.com
181,Barry,Yang,cscie12cscie151project+BarryYang@gmail.com
182,Liliana,Gaines,cscie12cscie151project+LilianaGaines@gmail.com
183,Miriam,Bailey,cscie12cscie151project+MiriamBailey@gmail.com
184,Johnnie,Beil,cscie12cscie151project+JohnnieBeil@gmail.com
185,Floyd,Logan,cscie12cscie151project+FloydLogan@gmail.com
186,Jace,Mccall,cscie12cscie151project+JaceMccall@gmail.com
187,Vivian,Bean,cscie12cscie151project+VivianBean@gmail.com
188,Drew,Lin,cscie12cscie151project+DrewLin@gmail.com
189,Emerson,Burns,cscie12cscie151project+EmersonBurns@gmail.com
190,Shawna,Thompson,cscie12cscie151project+ShawnaThompson@gmail.com
191,Ramona,Atkins,cscie12cscie151project+RamonaAtkins@gmail.com
192,Reese,Costa,cscie12cscie151project+ReeseCosta@gmail.com
193,Parker,Lloyd,cscie12cscie151project+ParkerLloyd@gmail.com
194,Nora,Oneill,cscie12cscie151project+NoraOneill@gmail.com
195,Ivy,Rich,cscie12cscie151project+IvyRich@gmail.com
196,Wyatt,Dickerson,cscie12cscie151project+WyattDickerson@gmail.com
197,Jimmy,Hancock,cscie12cscie151project+JimmyHancock@gmail.com
198,Lynn,Henry,cscie12cscie151project+LynnHenry@gmail.com
199,Carmen,Carroll,cscie12cscie151project+CarmenCarroll@gmail.com
200,Brandi,Cobb,cscie12cscie151project+BrandiCobb@gmail.com
201,Audrey,Yoder,cscie12cscie151project+AudreyYoder@gmail.com
202,Chris,Noble,cscie12cscie151project+ChrisNoble@gmail.com
203,Sonya,James,cscie12cscie151project+SonyaJames@gmail.com
204,Tammy,Austin,cscie12cscie151project+TammyAustin@gmail.com
205,Joe,Mcbride,cscie12cscie151project+JoeMcbride@gmail.com
206,Charles,Flowers,cscie12cscie151project+CharlesFlowers@gmail.com
207,Wayne,Ahmed,cscie12cscie151project+WayneAhmed@gmail.com
208,Thelma,Montes,cscie12cscie151project+ThelmaMontes@gmail.com
209,Maureen,Duarte,cscie12cscie151project+MaureenDuarte@gmail.com
210,Lorenzo,Hale,cscie12cscie151project+LorenzoHale@gmail.com
211,Leslie,Anderson,cscie12cscie151project+LeslieAnderson@gmail.com
212,Dakota,Mays,cscie12cscie151project+DakotaMays@gmail.com
213,Don,Vaughan,cscie12cscie151project+DonVaughan@gmail.com
214,Johnny,Tate,cscie12cscie151project+JohnnyTate@gmail.com
215,Clayton,David,cscie12cscie151project+ClaytonDavid@gmail.com
216,Griffin,Stafford,cscie12cscie151project+GriffinStafford@gmail.com
217,Thomas,Rosario,cscie12cscie151project+ThomasRosario@gmail.com
218,Hailey,Murphy,cscie12cscie151project+HaileyMurphy@gmail.com
219,Frank,Rhodes,cscie12cscie151project+FrankRhodes@gmail.com
220,Ava,Cervantes,cscie12cscie151project+AvaCervantes@gmail.com
221,Payton,Pham,cscie12cscie151project+PaytonPham@gmail.com
222,Eric,Hines,cscie12cscie151project+EricHines@gmail.com
223,Karen,Hodges,cscie12cscie151project+KarenHodges@gmail.com
224,Geraldine,Morse,cscie12cscie151project+GeraldineMorse@gmail.com
225,Mackenzie,Michael,cscie12cscie151project+MackenzieMichael@gmail.com
226,Terry,Mccoy,cscie12cscie151project+TerryMccoy@gmail.com
227,Ty,Jones,cscie12cscie151project+TyJones@gmail.com
228,Judy,Zamora,cscie12cscie151project+JudyZamora@gmail.com
229,Gina,Joseph,cscie12cscie151project+GinaJoseph@gmail.com
230,Dalton,Simon,cscie12cscie151project+DaltonSimon@gmail.com
231,Dominic,Richard,cscie12cscie151project+DominicRichard@gmail.com
232,Sidney,Howard,cscie12cscie151project+SidneyHoward@gmail.com
233,Roberto,Hutchinson,cscie12cscie151project+RobertoHutchinson@gmail.com
234,Candace,Barrera,cscie12cscie151project+CandaceBarrera@gmail.com
235,Sydney,Villegas,cscie12cscie151project+SydneyVillegas@gmail.com
236,Erin,Schmidt,cscie12cscie151project+ErinSchmidt@gmail.com
237,Veronica,Hawkins,cscie12cscie151project+VeronicaHawkins@gmail.com
238,Jaden,Herman,cscie12cscie151project+JadenHerman@gmail.com
239,James,Turner,cscie12cscie151project+JamesTurner@gmail.com
240,Mckenzie,Gibson,cscie12cscie151project+MckenzieGibson@gmail.com
241,Tommy,Mathews,cscie12cscie151project+TommyMathews@gmail.com
242,Ross,Olson,cscie12cscie151project+RossOlson@gmail.com
243,Lydia,Ray,cscie12cscie151project+LydiaRay@gmail.com
244,Leah,Patterson,cscie12cscie151project+LeahPatterson@gmail.com
245,Kate,Murray,cscie12cscie151project+KateMurray@gmail.com
246,River,Mckinney,cscie12cscie151project+RiverMckinney@gmail.com
247,Jesse,Eaton,cscie12cscie151project+JesseEaton@gmail.com
248,Amari,Ayers,cscie12cscie151project+AmariAyers@gmail.com
249,Preston,Trejo,cscie12cscie151project+PrestonTrejo@gmail.com
250,Bonnie,Haynes,cscie12cscie151project+BonnieHaynes@gmail.com
251,Donna,Kerr,cscie12cscie151project+DonnaKerr@gmail.com
252,Aubrey,Morgan,cscie12cscie151project+AubreyMorgan@gmail.com
253,Laura,Wang,cscie12cscie151project+LauraWang@gmail.com
254,Tonya,Strong,cscie12cscie151project+TonyaStrong@gmail.com
255,Sophie,Fernandez,cscie12cscie151project+SophieFernandez@gmail.com
256,Scarlett,Bass,cscie12cscie151project+ScarlettBass@gmail.com
257,Jordyn,Kim,cscie12cscie151project+JordynKim@gmail.com
258,Charlie,Ashley,cscie12cscie151project+CharlieAshley@gmail.com
259,Scott,Hicks,cscie12cscie151project+ScottHicks@gmail.com
260,Alfredo,Bowen,cscie12cscie151project+AlfredoBowen@gmail.com
261,Jenny,Aguirre,cscie12cscie151project+JennyAguirre@gmail.com
262,Marsha,Jacobson,cscie12cscie151project+MarshaJacobson@gmail.com
263,Kathryn,Bauer,cscie12cscie151project+KathrynBauer@gmail.com
264,Karl,Avery,cscie12cscie151project+KarlAvery@gmail.com
265,Asher,Jensen,cscie12cscie151project+AsherJensen@gmail.com
266,Wade,Buckley,cscie12cscie151project+WadeBuckley@gmail.com
267,Lillie,Webster,cscie12cscie151project+LillieWebster@gmail.com
268,Sherri,Guerra,cscie12cscie151project+SherriGuerra@gmail.com
269,Terrance,Phillips,cscie12cscie151project+TerrancePhillips@gmail.com
270,Braden,Gomez,cscie12cscie151project+BradenGomez@gmail.com
271,Rosalie,Moon,cscie12cscie151project+RosalieMoon@gmail.com
272,Paige,Shepard,cscie12cscie151project+PaigeShepard@gmail.com
273,Jazmin,Blankenship,cscie12cscie151project+JazminBlankenship@gmail.com
274,Samuel,Sanders,cscie12cscie151project+SamuelSanders@gmail.com
275,Elizabeth,Marin,cscie12cscie151project+ElizabethMarin@gmail.com
276,April,Valentine,cscie12cscie151project+AprilValentine@gmail.com
277,Marian,Mccormick,cscie12cscie151project+MarianMccormick@gmail.com
278,Ian,Harrington,cscie12cscie151project+IanHarrington@gmail.com
279,Carson,Villarreal,cscie12cscie151project+CarsonVillarreal@gmail.com
280,Julia,Jaramillo,cscie12cscie151project+JuliaJaramillo@gmail.com
281,Vickie,Caldwell,cscie12cscie151project+VickieCaldwell@gmail.com
282,Blake,Schultz,cscie12cscie151project+BlakeSchultz@gmail.com
283,Eva,Hartman,cscie12cscie151project+EvaHartman@gmail.com
284,Brody,Holloway,cscie12cscie151project+BrodyHolloway@gmail.com
285,Aaliyah,Wall,cscie12cscie151project+AaliyahWall@gmail.com
286,Gavin,Heath,cscie12cscie151project+GavinHeath@gmail.com
287,Alejandro,Salas,cscie12cscie151project+AlejandroSalas@gmail.com
288,Mildred,Hill,cscie12cscie151project+MildredHill@gmail.com
289,Phyllis,Nolan,cscie12cscie151project+PhyllisNolan@gmail.com
290,Fernando,Martin,cscie12cscie151project+FernandoMartin@gmail.com
291,Warren,Cardenas,cscie12cscie151project+WarrenCardenas@gmail.com
292,Autumn,Jennings,cscie12cscie151project+AutumnJennings@gmail.com
293,Melinda,Ware,cscie12cscie151project+MelindaWare@gmail.com
294,Diego,Roberts,cscie12cscie151project+DiegoRoberts@gmail.com
295,Diane,Greer,cscie12cscie151project+DianeGreer@gmail.com
296,Destiny,Solis,cscie12cscie151project+DestinySolis@gmail.com
297,Holly,Moss,cscie12cscie151project+HollyMoss@gmail.com
298,Herbert,Arroyo,cscie12cscie151project+HerbertArroyo@gmail.com
299,Julianna,Malone,cscie12cscie151project+JuliannaMalone@gmail.com
300,Stanley,Trujillo,cscie12cscie151project+StanleyTrujillo@gmail.com
301,Stella,Rogers,cscie12cscie151project+StellaRogers@gmail.com
302,Becky,Best,cscie12cscie151project+BeckyBest@gmail.com
303,Danielle,Mcconnell,cscie12cscie151project+DanielleMcconnell@gmail.com
304,Rosemary,Pace,cscie12cscie151project+RosemaryPace@gmail.com
305,Peter,Hail,cscie12cscie151project+PeterHail@gmail.com
306,Makenzie,Foster,cscie12cscie151project+MakenzieFoster@gmail.com
307,Kenny,Cantu,cscie12cscie151project+KennyCantu@gmail.com
308,Helen,Love,cscie12cscie151project+HelenLove@gmail.com
309,Kristen,Booker,cscie12cscie151project+KristenBooker@gmail.com
310,Kevin,Miles,cscie12cscie151project+KevinMiles@gmail.com
311,Alvin,Valdez,cscie12cscie151project+AlvinValdez@gmail.com
312,Justin,Strickland,cscie12cscie151project+JustinStrickland@gmail.com
313,Leon,Salinas,cscie12cscie151project+LeonSalinas@gmail.com
314,Edgar,Coffey,cscie12cscie151project+EdgarCoffey@gmail.com
315,Cory,Pierce,cscie12cscie151project+CoryPierce@gmail.com
316,Shelly,Higgins,cscie12cscie151project+ShellyHiggins@gmail.com
317,Bailey,Glass,cscie12cscie151project+BaileyGlass@gmail.com
318,Leonardo,White,cscie12cscie151project+LeonardoWhite@gmail.com
319,Courtney,Donovan,cscie12cscie151project+CourtneyDonovan@gmail.com
320,Edwin,Walls,cscie12cscie151project+EdwinWalls@gmail.com
321,Ezekiel,Dillon,cscie12cscie151project+EzekielDillon@gmail.com
322,Ronald,Vega,cscie12cscie151project+RonaldVega@gmail.com
323,Alan,Molina,cscie12cscie151project+AlanMolina@gmail.com
324,Christina,Dodson,cscie12cscie151project+ChristinaDodson@gmail.com
325,Oliver,Spencer,cscie12cscie151project+OliverSpencer@gmail.com
326,Marvin,Wu,cscie12cscie151project+MarvinWu@gmail.com
327,Lucy,Pope,cscie12cscie151project+LucyPope@gmail.com
328,Walter,Sims,cscie12cscie151project+WalterSims@gmail.com
329,Julian,Myers,cscie12cscie151project+JulianMyers@gmail.com
330,Kendall,Jefferson,cscie12cscie151project+KendallJefferson@gmail.com
331,Josue,Peterson,cscie12cscie151project+JosuePeterson@gmail.com
332,Douglas,Gross,cscie12cscie151project+DouglasGross@gmail.com
333,Bernard,Poole,cscie12cscie151project+BernardPoole@gmail.com
334,Juliana,Owens,cscie12cscie151project+JulianaOwens@gmail.com
335,Frances,Hogan,cscie12cscie151project+FrancesHogan@gmail.com
336,Jayden,Hebert,cscie12cscie151project+JaydenHebert@gmail.com
337,Freddie,Yates,cscie12cscie151project+FreddieYates@gmail.com
338,Lisa,Robles,cscie12cscie151project+LisaRobles@gmail.com
339,Roberta,Willis,cscie12cscie151project+RobertaWillis@gmail.com
340,Kaden,Stein,cscie12cscie151project+KadenStein@gmail.com
341,Kathy,Lewis,cscie12cscie151project+KathyLewis@gmail.com
342,Annie,Mcclure,cscie12cscie151project+AnnieMcclure@gmail.com
343,Curtis,Pollard,cscie12cscie151project+CurtisPollard@gmail.com
344,Ricky,Coleman,cscie12cscie151project+RickyColeman@gmail.com
345,Graham,Chapman,cscie12cscie151project+GrahamChapman@gmail.com
346,Ashlee,Sherman,cscie12cscie151project+AshleeSherman@gmail.com
347,Anastasia,Adams,cscie12cscie151project+AnastasiaAdams@gmail.com
348,Alison,Mccullough,cscie12cscie151project+AlisonMccullough@gmail.com
349,Dana,Briggs,cscie12cscie151project+DanaBriggs@gmail.com
350,Hudson,Blake,cscie12cscie151project+HudsonBlake@gmail.com
351,Angelo,Meadows,cscie12cscie151project+AngeloMeadows@gmail.com
352,William,Maldonado,cscie12cscie151project+WilliamMaldonado@gmail.com
353,Darryl,Matthews,cscie12cscie151project+DarrylMatthews@gmail.com
354,Meredith,Faulkner,cscie12cscie151project+MeredithFaulkner@gmail.com
355,Kristopher,Hurley,cscie12cscie151project+KristopherHurley@gmail.com
356,Jack,Franklin,cscie12cscie151project+JackFranklin@gmail.com
357,Jonah,Case,cscie12cscie151project+JonahCase@gmail.com
358,Arturo,Summers,cscie12cscie151project+ArturoSummers@gmail.com
359,Nelson,Barnes,cscie12cscie151project+NelsonBarnes@gmail.com
360,Joseph,Small,cscie12cscie151project+JosephSmall@gmail.com
361,Andrew,Weaver,cscie12cscie151project+AndrewWeaver@gmail.com
362,Aidan,Gallagher,cscie12cscie151project+AidanGallagher@gmail.com
363,Kaleb,Gutierrez,cscie12cscie151project+KalebGutierrez@gmail.com
364,Carl,Huerta,cscie12cscie151project+CarlHuerta@gmail.com
365,Brady,Sparks,cscie12cscie151project+BradySparks@gmail.com
366,Marisa,Delarosa,cscie12cscie151project+MarisaDelarosa@gmail.com
367,Regina,Warner,cscie12cscie151project+ReginaWarner@gmail.com
368,Hunter,Fisher,cscie12cscie151project+HunterFisher@gmail.com
369,Annette,Peters,cscie12cscie151project+AnnettePeters@gmail.com
370,Cole,Mcguire,cscie12cscie151project+ColeMcguire@gmail.com
371,Andre,Conley,cscie12cscie151project+AndreConley@gmail.com
372,Joy,Alvarez,cscie12cscie151project+JoyAlvarez@gmail.com
373,Jackie,Hoffman,cscie12cscie151project+JackieHoffman@gmail.com
374,Betty,Moyer,cscie12cscie151project+BettyMoyer@gmail.com
375,Sam,Le,cscie12cscie151project+SamLe@gmail.com
376,Summer,Morrow,cscie12cscie151project+SummerMorrow@gmail.com
377,Trenton,Mckee,cscie12cscie151project+TrentonMckee@gmail.com
378,Ashley,Hanson,cscie12cscie151project+AshleyHanson@gmail.com
379,Jim,Mcmillan,cscie12cscie151project+JimMcmillan@gmail.com
380,Willow,Combs,cscie12cscie151project+WillowCombs@gmail.com
381,Chance,Miller,cscie12cscie151project+ChanceMiller@gmail.com
382,Judith,Landry,cscie12cscie151project+JudithLandry@gmail.com
383,Isabelle,Leon,cscie12cscie151project+IsabelleLeon@gmail.com
384,Deanna,Branch,cscie12cscie151project+DeannaBranch@gmail.com
385,Sheryl,Pineda,cscie12cscie151project+SherylPineda@gmail.com
386,Adriana,Perez,cscie12cscie151project+AdrianaPerez@gmail.com
387,Jody,Phan,cscie12cscie151project+JodyPhan@gmail.com
388,Teresa,Gardner,cscie12cscie151project+TeresaGardner@gmail.com
389,Diana,Armstrong,cscie12cscie151project+DianaArmstrong@gmail.com
390,Tucker,Livingston,cscie12cscie151project+TuckerLivingston@gmail.com
391,Gabrielle,Norton,cscie12cscie151project+GabrielleNorton@gmail.com
392,Angelica,Leal,cscie12cscie151project+AngelicaLeal@gmail.com
393,Bryce,Lawson,cscie12cscie151project+BryceLawson@gmail.com
394,Jorge,Nunez,cscie12cscie151project+JorgeNunez@gmail.com
395,Tara,Palacios,cscie12cscie151project+TaraPalacios@gmail.com
396,Wanda,Hansen,cscie12cscie151project+WandaHansen@gmail.com
397,Alisha,Beasley,cscie12cscie151project+AlishaBeasley@gmail.com
398,Vanessa,Herring,cscie12cscie151project+VanessaHerring@gmail.com
399,Ethan,Morris,cscie12cscie151project+EthanMorris@gmail.com
400,Desiree,Barker,cscie12cscie151project+DesireeBarker@gmail.com
401,Molly,Quintana,cscie12cscie151project+MollyQuintana@gmail.com
402,Rene,Stanley,cscie12cscie151project+ReneStanley@gmail.com
403,Chase,Huber,cscie12cscie151project+ChaseHuber@gmail.com
404,Silas,Collier,cscie12cscie151project+SilasCollier@gmail.com
405,Shane,Mclean,cscie12cscie151project+ShaneMclean@gmail.com
406,Carole,Reeves,cscie12cscie151project+CaroleReeves@gmail.com
407,Traci,Reynolds,cscie12cscie151project+TraciReynolds@gmail.com
408,Josephine,Ramsey,cscie12cscie151project+JosephineRamsey@gmail.com
409,Malcolm,Todd,cscie12cscie151project+MalcolmTodd@gmail.com
410,Daryl,Harrell,cscie12cscie151project+DarylHarrell@gmail.com
411,Rachael,Gregory,cscie12cscie151project+RachaelGregory@gmail.com
412,Serenity,Sanford,cscie12cscie151project+SerenitySanford@gmail.com
413,Ivan,Velazquez,cscie12cscie151project+IvanVelazquez@gmail.com
414,Patsy,Farrell,cscie12cscie151project+PatsyFarrell@gmail.com
415,Christy,Webb,cscie12cscie151project+ChristyWebb@gmail.com
416,Camille,Stevens,cscie12cscie151project+CamilleStevens@gmail.com
417,Lola,Alfaro,cscie12cscie151project+LolaAlfaro@gmail.com
418,Carly,Buchanan,cscie12cscie151project+CarlyBuchanan@gmail.com
419,Noel,Richards,cscie12cscie151project+NoelRichards@gmail.com
420,Donovan,Huffman,cscie12cscie151project+DonovanHuffman@gmail.com
421,Kerry,Mckenzie,cscie12cscie151project+KerryMckenzie@gmail.com
422,Mike,Tapia,cscie12cscie151project+MikeTapia@gmail.com
423,Arlene,Shepherd,cscie12cscie151project+ArleneShepherd@gmail.com
424,Miguel,Ortega,cscie12cscie151project+MiguelOrtega@gmail.com
425,Kimberly,Cox,cscie12cscie151project+KimberlyCox@gmail.com
426,Kaylee,Hart,cscie12cscie151project+KayleeHart@gmail.com
427,Lindsay,Orr,cscie12cscie151project+LindsayOrr@gmail.com
428,Kelly,Barajas,cscie12cscie151project+KellyBarajas@gmail.com
429,Jada,Rice,cscie12cscie151project+JadaRice@gmail.com
430,Raymond,Merritt,cscie12cscie151project+RaymondMerritt@gmail.com
431,Zachary,Hodge,cscie12cscie151project+ZacharyHodge@gmail.com
432,Gabriella,Clements,cscie12cscie151project+GabriellaClements@gmail.com
433,Robert,Burke,cscie12cscie151project+RobertBurke@gmail.com
434,Julie,Reyna,cscie12cscie151project+JulieReyna@gmail.com
435,Marissa,Hernandez,cscie12cscie151project+MarissaHernandez@gmail.com
436,Sean,Preston,cscie12cscie151project+SeanPreston@gmail.com
437,Jerry,Nava,cscie12cscie151project+JerryNava@gmail.com
438,Chad,Johnston,cscie12cscie151project+ChadJohnston@gmail.com
439,Shirley,Christensen,cscie12cscie151project+ShirleyChristensen@gmail.com
440,Alexa,Cummings,cscie12cscie151project+AlexaCummings@gmail.com
441,Lynda,Diaz,cscie12cscie151project+LyndaDiaz@gmail.com
442,Ana,Massey,cscie12cscie151project+AnaMassey@gmail.com
443,Lori,Fuentes,cscie12cscie151project+LoriFuentes@gmail.com
444,Michele,Hamilton,cscie12cscie151project+MicheleHamilton@gmail.com
445,Francis,Wyatt,cscie12cscie151project+FrancisWyatt@gmail.com
446,Maryann,Keith,cscie12cscie151project+MaryannKeith@gmail.com
447,Duane,Taylor,cscie12cscie151project+DuaneTaylor@gmail.com
448,Lillian,Cunningham,cscie12cscie151project+LillianCunningham@gmail.com
449,Kiara,Oliver,cscie12cscie151project+KiaraOliver@gmail.com
450,Kylee,Christian,cscie12cscie151project+KyleeChristian@gmail.com
451,Ray,Page,cscie12cscie151project+RayPage@gmail.com
452,Vernon,Douglas,cscie12cscie151project+VernonDouglas@gmail.com
453,Sheri,Bradley,cscie12cscie151project+SheriBradley@gmail.com
454,Tessa,Decker,cscie12cscie151project+TessaDecker@gmail.com
455,Tyler,Galvan,cscie12cscie151project+TylerGalvan@gmail.com
456,Mary,Walker,cscie12cscie151project+MaryWalker@gmail.com
457,Hazel,Snyder,cscie12cscie151project+HazelSnyder@gmail.com
458,Margaret,Cruz,cscie12cscie151project+MargaretCruz@gmail.com
459,Alexis,Riley,cscie12cscie151project+AlexisRiley@gmail.com
460,Kara,Crane,cscie12cscie151project+KaraCrane@gmail.com
461,Nevaeh,Frye,cscie12cscie151project+NevaehFrye@gmail.com
462,Ayden,Fletcher,cscie12cscie151project+AydenFletcher@gmail.com
463,Darrell,Flynn,cscie12cscie151project+DarrellFlynn@gmail.com
464,Travis,Nelson,cscie12cscie151project+TravisNelson@gmail.com
465,Alfred,Wilkerson,cscie12cscie151project+AlfredWilkerson@gmail.com
466,Abigail,Bradford,cscie12cscie151project+AbigailBradford@gmail.com
467,Rickey,Morton,cscie12cscie151project+RickeyMorton@gmail.com
468,Sandra,Mata,cscie12cscie151project+SandraMata@gmail.com
469,Rowan,Mueller,cscie12cscie151project+RowanMueller@gmail.com
470,Iris,Doyle,cscie12cscie151project+IrisDoyle@gmail.com
471,Lincoln,Delgado,cscie12cscie151project+LincolnDelgado@gmail.com
472,Guadalupe,Bishop,cscie12cscie151project+GuadalupeBishop@gmail.com
473,Marc,Nielsen,cscie12cscie151project+MarcNielsen@gmail.com
474,Harold,Ellis,cscie12cscie151project+HaroldEllis@gmail.com
475,Damon,Villa,cscie12cscie151project+DamonVilla@gmail.com
476,Ernest,Vang,cscie12cscie151project+ErnestVang@gmail.com
477,Belinda,Dejesus,cscie12cscie151project+BelindaDejesus@gmail.com
478,Randy,Lucas,cscie12cscie151project+RandyLucas@gmail.com
479,Bobbie,Banks,cscie12cscie151project+BobbieBanks@gmail.com
480,Alexia,Mcclain,cscie12cscie151project+AlexiaMcclain@gmail.com
481,Kristin,Mcpherson,cscie12cscie151project+KristinMcpherson@gmail.com
482,Julius,Garrett,cscie12cscie151project+JuliusGarrett@gmail.com
483,Jimmie,Bryant,cscie12cscie151project+JimmieBryant@gmail.com
484,Peggy,Howe,cscie12cscie151project+PeggyHowe@gmail.com
485,Sara,Weber,cscie12cscie151project+SaraWeber@gmail.com
486,Enrique,Glover,cscie12cscie151project+EnriqueGlover@gmail.com
487,Whitney,Meyers,cscie12cscie151project+WhitneyMeyers@gmail.com
488,Declan,Mathis,cscie12cscie151project+DeclanMathis@gmail.com
489,Jasmine,Park,cscie12cscie151project+JasminePark@gmail.com
490,Tabitha,Mullen,cscie12cscie151project+TabithaMullen@gmail.com
491,Madeline,Mora,cscie12cscie151project+MadelineMora@gmail.com
492,Callie,Deleon,cscie12cscie151project+CallieDeleon@gmail.com
493,Larry,Pennington,cscie12cscie151project+LarryPennington@gmail.com
494,Ellie,Rowland,cscie12cscie151project+EllieRowland@gmail.com
495,Jocelyn,Stevenson,cscie12cscie151project+JocelynStevenson@gmail.com
496,Jesus,Fleming,cscie12cscie151project+JesusFleming@gmail.com
497,Dorothy,Hobbs,cscie12cscie151project+DorothyHobbs@gmail.com
498,Jayla,Waller,cscie12cscie151project+JaylaWaller@gmail.com
499,Jaime,Porter,cscie12cscie151project+JaimePorter@gmail.com
500,Mya,Mcintyre,cscie12cscie151project+MyaMcintyre@gmail.com
501,Emily,Burch,cscie12cscie151project+EmilyBurch@gmail.com
502,Maverick,Harvey,cscie12cscie151project+MaverickHarvey@gmail.com
503,Jessica,Leach,cscie12cscie151project+JessicaLeach@gmail.com
504,Jade,Allison,cscie12cscie151project+JadeAllison@gmail.com
505,Troy,Farmer,cscie12cscie151project+TroyFarmer@gmail.com
506,Christine,Cortes,cscie12cscie151project+ChristineCortes@gmail.com
507,Brian,Sierra,cscie12cscie151project+BrianSierra@gmail.com
508,Robyn,Espinosa,cscie12cscie151project+RobynEspinosa@gmail.com
509,Elise,Berry,cscie12cscie151project+EliseBerry@gmail.com
510,Trinity,Potts,cscie12cscie151project+TrinityPotts@gmail.com
511,Reagan,Brooks,cscie12cscie151project+ReaganBrooks@gmail.com
512,Greyson,Mccarthy,cscie12cscie151project+GreysonMccarthy@gmail.com
513,Mikayla,Ali,cscie12cscie151project+MikaylaAli@gmail.com
514,Jillian,Nichols,cscie12cscie151project+JillianNichols@gmail.com
515,Marcus,Curry,cscie12cscie151project+MarcusCurry@gmail.com
516,Gilbert,Chen,cscie12cscie151project+GilbertChen@gmail.com
517,Anna,Hull,cscie12cscie151project+AnnaHull@gmail.com
518,Abby,Black,cscie12cscie151project+AbbyBlack@gmail.com
519,London,Williams,cscie12cscie151project+LondonWilliams@gmail.com
520,Taylor,Hammond,cscie12cscie151project+TaylorHammond@gmail.com
521,Lane,Brennan,cscie12cscie151project+LaneBrennan@gmail.com
522,Benjamin,Bell,cscie12cscie151project+BenjaminBell@gmail.com
523,Trent,Knox,cscie12cscie151project+TrentKnox@gmail.com
524,Lila,Hendrix,cscie12cscie151project+LilaHendrix@gmail.com
525,Maxwell,Vo,cscie12cscie151project+MaxwellVo@gmail.com
526,Rosa,Lozano,cscie12cscie151project+RosaLozano@gmail.com
527,Max,Parra,cscie12cscie151project+MaxParra@gmail.com
528,Elliot,Smith,cscie12cscie151project+ElliotSmith@gmail.com
529,Sergio,Mcgee,cscie12cscie151project+SergioMcgee@gmail.com
530,Priscilla,Foley,cscie12cscie151project+PriscillaFoley@gmail.com
531,Jose,Powell,cscie12cscie151project+JosePowell@gmail.com
532,Gregory,Lu,cscie12cscie151project+GregoryLu@gmail.com
533,Caden,Ballard,cscie12cscie151project+CadenBallard@gmail.com
534,Marshall,Chambers,cscie12cscie151project+MarshallChambers@gmail.com
535,Jenna,Stokes,cscie12cscie151project+JennaStokes@gmail.com
536,Melissa,Yu,cscie12cscie151project+MelissaYu@gmail.com
537,Mathew,Frost,cscie12cscie151project+MathewFrost@gmail.com
538,Guy,Browning,cscie12cscie151project+GuyBrowning@gmail.com
539,Shelby,Jarvis,cscie12cscie151project+ShelbyJarvis@gmail.com
540,Mateo,Juarez,cscie12cscie151project+MateoJuarez@gmail.com
541,Sandy,Gordon,cscie12cscie151project+SandyGordon@gmail.com
542,Rachel,Sheppard,cscie12cscie151project+RachelSheppard@gmail.com
543,Frankie,Cordova,cscie12cscie151project+FrankieCordova@gmail.com
544,Emmett,Dominguez,cscie12cscie151project+EmmettDominguez@gmail.com
545,Jaxon,Atkinson,cscie12cscie151project+JaxonAtkinson@gmail.com
546,Dean,Andrade,cscie12cscie151project+DeanAndrade@gmail.com
547,Avery,Mcmahon,cscie12cscie151project+AveryMcmahon@gmail.com
548,Edna,Stanton,cscie12cscie151project+EdnaStanton@gmail.com
549,Elaine,Hubbard,cscie12cscie151project+ElaineHubbard@gmail.com
550,Michaela,Sosa,cscie12cscie151project+MichaelaSosa@gmail.com
551,Doris,Little,cscie12cscie151project+DorisLittle@gmail.com
552,Richard,Harding,cscie12cscie151project+RichardHarding@gmail.com
553,Israel,Hayden,cscie12cscie151project+IsraelHayden@gmail.com
554,Theodore,Espinoza,cscie12cscie151project+TheodoreEspinoza@gmail.com
555,Rita,Cole,cscie12cscie151project+RitaCole@gmail.com
556,Linda,Bonilla,cscie12cscie151project+LindaBonilla@gmail.com
557,Bill,Ross,cscie12cscie151project+BillRoss@gmail.com
558,John,Moses,cscie12cscie151project+JohnMoses@gmail.com
559,Amber,Booth,cscie12cscie151project+AmberBooth@gmail.com
560,Riley,Walton,cscie12cscie151project+RileyWalton@gmail.com
561,Bella,Ingram,cscie12cscie151project+BellaIngram@gmail.com
562,Sonia,Wiley,cscie12cscie151project+SoniaWiley@gmail.com
563,Allen,Padilla,cscie12cscie151project+AllenPadilla@gmail.com
564,Janice,Middleton,cscie12cscie151project+JaniceMiddleton@gmail.com
565,Gerardo,Tran,cscie12cscie151project+GerardoTran@gmail.com
566,Caroline,Tyler,cscie12cscie151project+CarolineTyler@gmail.com
567,Kristi,Patton,cscie12cscie151project+KristiPatton@gmail.com
568,Adrianna,Clayton,cscie12cscie151project+AdriannaClayton@gmail.com
569,Gail,Phelps,cscie12cscie151project+GailPhelps@gmail.com
570,Charlotte,Crosby,cscie12cscie151project+CharlotteCrosby@gmail.com
571,Eliza,Rush,cscie12cscie151project+ElizaRush@gmail.com
572,Dallas,Patel,cscie12cscie151project+DallasPatel@gmail.com
573,Miranda,Giles,cscie12cscie151project+MirandaGiles@gmail.com
574,Sophia,Adkins,cscie12cscie151project+SophiaAdkins@gmail.com
575,Renee,Rivera,cscie12cscie151project+ReneeRivera@gmail.com
576,Antonio,Hopkins,cscie12cscie151project+AntonioHopkins@gmail.com
577,Micheal,Esquivel,cscie12cscie151project+MichealEsquivel@gmail.com
578,Kellie,Young,cscie12cscie151project+KellieYoung@gmail.com
579,Jay,Villanueva,cscie12cscie151project+JayVillanueva@gmail.com
580,Jessie,Lane,cscie12cscie151project+JessieLane@gmail.com
581,Edward,Hensley,cscie12cscie151project+EdwardHensley@gmail.com
582,Henry,Rocha,cscie12cscie151project+HenryRocha@gmail.com
583,Sue,Zuniga,cscie12cscie151project+SueZuniga@gmail.com
584,Dwayne,Harris,cscie12cscie151project+DwayneHarris@gmail.com
585,Theresa,Dean,cscie12cscie151project+TheresaDean@gmail.com
586,Conner,Avalos,cscie12cscie151project+ConnerAvalos@gmail.com
587,Penny,Camacho,cscie12cscie151project+PennyCamacho@gmail.com
588,Jeff,Morrison,cscie12cscie151project+JeffMorrison@gmail.com
589,Chloe,Tucker,cscie12cscie151project+ChloeTucker@gmail.com
590,Roger,Boone,cscie12cscie151project+RogerBoone@gmail.com
591,Brett,Bates,cscie12cscie151project+BrettBates@gmail.com
592,Mia,Choi,cscie12cscie151project+MiaChoi@gmail.com
593,Ryan,Salgado,cscie12cscie151project+RyanSalgado@gmail.com
594,Patrick,Benitez,cscie12cscie151project+PatrickBenitez@gmail.com
595,Nathaniel,Jenkins,cscie12cscie151project+NathanielJenkins@gmail.com
596,Breanna,Meza,cscie12cscie151project+BreannaMeza@gmail.com
597,Collin,Avila,cscie12cscie151project+CollinAvila@gmail.com
598,Tanya,Nash,cscie12cscie151project+TanyaNash@gmail.com
599,Sylvia,Clark,cscie12cscie151project+SylviaClark@gmail.com
600,Makayla,Gillespie,cscie12cscie151project+MakaylaGillespie@gmail.com
601,Briana,Marsh,cscie12cscie151project+BrianaMarsh@gmail.com
602,Carter,Randolph,cscie12cscie151project+CarterRandolph@gmail.com
603,Kent,Khan,cscie12cscie151project+KentKhan@gmail.com
604,Sharon,Craig,cscie12cscie151project+SharonCraig@gmail.com
605,Dillon,Lee,cscie12cscie151project+DillonLee@gmail.com
606,Matthew,Munoz,cscie12cscie151project+MatthewMunoz@gmail.com
607,Janie,Nguyen,cscie12cscie151project+JanieNguyen@gmail.com
608,Grayson,Friedman,cscie12cscie151project+GraysonFriedman@gmail.com
609,Kenneth,Watts,cscie12cscie151project+KennethWatts@gmail.com
610,Aliyah,Colon,cscie12cscie151project+AliyahColon@gmail.com
611,Joshua,Dawson,cscie12cscie151project+JoshuaDawson@gmail.com
612,Lauren,Baxter,cscie12cscie151project+LaurenBaxter@gmail.com
613,Madelyn,Kramer,cscie12cscie151project+MadelynKramer@gmail.com
614,Genevieve,Carr,cscie12cscie151project+GenevieveCarr@gmail.com
615,Timothy,Miranda,cscie12cscie151project+TimothyMiranda@gmail.com
616,Wilma,Lugo,cscie12cscie151project+WilmaLugo@gmail.com
617,Kasey,Navarro,cscie12cscie151project+KaseyNavarro@gmail.com
618,Arthur,Baker,cscie12cscie151project+ArthurBaker@gmail.com
619,Tracey,Zimmerman,cscie12cscie151project+TraceyZimmerman@gmail.com
620,Ronnie,Delacruz,cscie12cscie151project+RonnieDelacruz@gmail.com
621,Florence,Lamb,cscie12cscie151project+FlorenceLamb@gmail.com
622,Greg,Vance,cscie12cscie151project+GregVance@gmail.com
623,Donald,Knapp,cscie12cscie151project+DonaldKnapp@gmail.com
624,Terrence,Scott,cscie12cscie151project+TerrenceScott@gmail.com
625,Cameron,Ramos,cscie12cscie151project+CameronRamos@gmail.com
626,Axel,Castro,cscie12cscie151project+AxelCastro@gmail.com
627,Ryder,Bautista,cscie12cscie151project+RyderBautista@gmail.com
628,Evelyn,Brown,cscie12cscie151project+EvelynBrown@gmail.com
629,Ruth,Sullivan,cscie12cscie151project+RuthSullivan@gmail.com
630,Francisco,Serrano,cscie12cscie151project+FranciscoSerrano@gmail.com
631,Eileen,Gilbert,cscie12cscie151project+EileenGilbert@gmail.com
632,Lacey,Velasquez,cscie12cscie151project+LaceyVelasquez@gmail.com
633,Hope,Rubio,cscie12cscie151project+HopeRubio@gmail.com
634,Layla,Spears,cscie12cscie151project+LaylaSpears@gmail.com
635,Eli,Marshall,cscie12cscie151project+EliMarshall@gmail.com
636,Jeremiah,Blackburn,cscie12cscie151project+JeremiahBlackburn@gmail.com
637,Krystal,Schroeder,cscie12cscie151project+KrystalSchroeder@gmail.com
638,Grace,Calhoun,cscie12cscie151project+GraceCalhoun@gmail.com
639,Logan,Day,cscie12cscie151project+LoganDay@gmail.com
640,Skylar,Galindo,cscie12cscie151project+SkylarGalindo@gmail.com
641,Harvey,Petersen,cscie12cscie151project+HarveyPetersen@gmail.com
642,Santiago,George,cscie12cscie151project+SantiagoGeorge@gmail.com
643,Randall,Ruiz,cscie12cscie151project+RandallRuiz@gmail.com
644,Melody,Obrien,cscie12cscie151project+MelodyObrien@gmail.com
645,Lewis,Rosas,cscie12cscie151project+LewisRosas@gmail.com
646,Alicia,Cortez,cscie12cscie151project+AliciaCortez@gmail.com
647,Bethany,Torres,cscie12cscie151project+BethanyTorres@gmail.com
648,Chandler,Schneider,cscie12cscie151project+ChandlerSchneider@gmail.com
649,Camden,Calderon,cscie12cscie151project+CamdenCalderon@gmail.com
650,Clarence,Fowler,cscie12cscie151project+ClarenceFowler@gmail.com
651,Debbie,Schaefer,cscie12cscie151project+DebbieSchaefer@gmail.com
652,Haley,Estrada,cscie12cscie151project+HaleyEstrada@gmail.com
653,Dawson,Anthony,cscie12cscie151project+DawsonAnthony@gmail.com
654,Evan,Reed,cscie12cscie151project+EvanReed@gmail.com
655,Roland,Gentry,cscie12cscie151project+RolandGentry@gmail.com
656,Beverly,Saunders,cscie12cscie151project+BeverlySaunders@gmail.com
657,Michelle,Owen,cscie12cscie151project+MichelleOwen@gmail.com
658,Vera,Barton,cscie12cscie151project+VeraBarton@gmail.com
659,Kyle,Lucero,cscie12cscie151project+KyleLucero@gmail.com
660,Kurt,Santana,cscie12cscie151project+KurtSantana@gmail.com
661,Omar,Benton,cscie12cscie151project+OmarBenton@gmail.com
662,Bianca,Villalobos,cscie12cscie151project+BiancaVillalobos@gmail.com
663,Alaina,Huff,cscie12cscie151project+AlainaHuff@gmail.com
664,Braxton,Duran,cscie12cscie151project+BraxtonDuran@gmail.com
665,Zoe,Cooper,cscie12cscie151project+ZoeCooper@gmail.com
666,Madison,Davis,cscie12cscie151project+MadisonDavis@gmail.com
667,Athena,Chang,cscie12cscie151project+AthenaChang@gmail.com
668,Jennifer,Monroe,cscie12cscie151project+JenniferMonroe@gmail.com
669,Christian,Garrison,cscie12cscie151project+ChristianGarrison@gmail.com
670,Joyce,Roy,cscie12cscie151project+JoyceRoy@gmail.com
671,Kayden,Walter,cscie12cscie151project+KaydenWalter@gmail.com
672,Charlene,Novak,cscie12cscie151project+CharleneNovak@gmail.com
673,Harry,Mendez,cscie12cscie151project+HarryMendez@gmail.com
674,Ruby,Harmon,cscie12cscie151project+RubyHarmon@gmail.com
675,Todd,Horton,cscie12cscie151project+ToddHorton@gmail.com
676,Malachi,Dennis,cscie12cscie151project+MalachiDennis@gmail.com
677,Dennis,Bender,cscie12cscie151project+DennisBender@gmail.com
678,Raven,Odonnell,cscie12cscie151project+RavenOdonnell@gmail.com
679,Lucas,Cook,cscie12cscie151project+LucasCook@gmail.com
680,Kay,Corona,cscie12cscie151project+KayCorona@gmail.com
681,Caitlin,Butler,cscie12cscie151project+CaitlinButler@gmail.com
682,Jon,Harper,cscie12cscie151project+JonHarper@gmail.com
683,Valerie,Parrish,cscie12cscie151project+ValerieParrish@gmail.com
684,Jacqueline,Cantrell,cscie12cscie151project+JacquelineCantrell@gmail.com
685,Dylan,Neal,cscie12cscie151project+DylanNeal@gmail.com
686,Sofia,King,cscie12cscie151project+SofiaKing@gmail.com
687,Clinton,Robinson,cscie12cscie151project+ClintonRobinson@gmail.com
688,Kristine,Erickson,cscie12cscie151project+KristineErickson@gmail.com
689,Shaun,Cherry,cscie12cscie151project+ShaunCherry@gmail.com
690,Kathleen,Oneal,cscie12cscie151project+KathleenOneal@gmail.com
691,Chelsea,Finley,cscie12cscie151project+ChelseaFinley@gmail.com
692,Julio,Sharp,cscie12cscie151project+JulioSharp@gmail.com
693,George,Campbell,cscie12cscie151project+GeorgeCampbell@gmail.com
694,Anne,Patrick,cscie12cscie151project+AnnePatrick@gmail.com
695,Kristy,Estes,cscie12cscie151project+KristyEstes@gmail.com
696,Rafael,Esparza,cscie12cscie151project+RafaelEsparza@gmail.com
697,Marlene,Watson,cscie12cscie151project+MarleneWatson@gmail.com
698,Mallory,Good,cscie12cscie151project+MalloryGood@gmail.com
699,Aubree,Spence,cscie12cscie151project+AubreeSpence@gmail.com
700,Noah,Boyle,cscie12cscie151project+NoahBoyle@gmail.com
701,Kai,Odom,cscie12cscie151project+KaiOdom@gmail.com
702,Leo,Swanson,cscie12cscie151project+LeoSwanson@gmail.com
703,Juan,Gonzalez,cscie12cscie151project+JuanGonzalez@gmail.com
704,Tiffany,Weeks,cscie12cscie151project+TiffanyWeeks@gmail.com
705,Earl,Wheeler,cscie12cscie151project+EarlWheeler@gmail.com
706,Sawyer,Whitehead,cscie12cscie151project+SawyerWhitehead@gmail.com
707,Brooklyn,Henson,cscie12cscie151project+BrooklynHenson@gmail.com
708,Kristina,Bruce,cscie12cscie151project+KristinaBruce@gmail.com
709,Laurie,Flores,cscie12cscie151project+LaurieFlores@gmail.com
710,Gordon,Lindsey,cscie12cscie151project+GordonLindsey@gmail.com
711,Kaitlin,Lim,cscie12cscie151project+KaitlinLim@gmail.com
712,Sally,Kelly,cscie12cscie151project+SallyKelly@gmail.com
713,Gary,Baldwin,cscie12cscie151project+GaryBaldwin@gmail.com
714,Daniela,Hudson,cscie12cscie151project+DanielaHudson@gmail.com
715,Kari,Arias,cscie12cscie151project+KariArias@gmail.com
716,Katelyn,Levy,cscie12cscie151project+KatelynLevy@gmail.com
717,Michael,Ball,cscie12cscie151project+MichaelBall@gmail.com
718,Roman,Ibarra,cscie12cscie151project+RomanIbarra@gmail.com
719,Nina,Barron,cscie12cscie151project+NinaBarron@gmail.com
720,Bennett,Correa,cscie12cscie151project+BennettCorrea@gmail.com
721,Eliana,Zhang,cscie12cscie151project+ElianaZhang@gmail.com
722,Louis,Hardy,cscie12cscie151project+LouisHardy@gmail.com
723,Alice,Rivas,cscie12cscie151project+AliceRivas@gmail.com
724,Adrienne,Pruitt,cscie12cscie151project+AdriennePruitt@gmail.com
725,Ariel,Brady,cscie12cscie151project+ArielBrady@gmail.com
726,Bruce,Hanna,cscie12cscie151project+BruceHanna@gmail.com
727,Maddox,Huang,cscie12cscie151project+MaddoxHuang@gmail.com
728,Milton,Castaneda,cscie12cscie151project+MiltonCastaneda@gmail.com
729,Yvonne,Mclaughlin,cscie12cscie151project+YvonneMclaughlin@gmail.com
730,Pedro,Klein,cscie12cscie151project+PedroKlein@gmail.com
731,Luca,Rojas,cscie12cscie151project+LucaRojas@gmail.com
732,Byron,Osborne,cscie12cscie151project+ByronOsborne@gmail.com
733,Vicki,Fitzgerald,cscie12cscie151project+VickiFitzgerald@gmail.com
734,Anita,Acosta,cscie12cscie151project+AnitaAcosta@gmail.com
735,Kelvin,Everett,cscie12cscie151project+KelvinEverett@gmail.com
736,Owen,Benson,cscie12cscie151project+OwenBenson@gmail.com
737,Monica,Sweeney,cscie12cscie151project+MonicaSweeney@gmail.com
738,Dianne,Mejia,cscie12cscie151project+DianneMejia@gmail.com
739,Willie,Marks,cscie12cscie151project+WillieMarks@gmail.com
740,Victor,Ponce,cscie12cscie151project+VictorPonce@gmail.com
741,Darlene,Robertson,cscie12cscie151project+DarleneRobertson@gmail.com
742,Sabrina,Vasquez,cscie12cscie151project+SabrinaVasquez@gmail.com
743,Piper,Moreno,cscie12cscie151project+PiperMoreno@gmail.com
744,Hannah,Watkins,cscie12cscie151project+HannahWatkins@gmail.com
745,Eugene,Barry,cscie12cscie151project+EugeneBarry@gmail.com
746,Jude,Archer,cscie12cscie151project+JudeArcher@gmail.com
747,Glen,Pitts,cscie12cscie151project+GlenPitts@gmail.com
748,Olivia,Melton,cscie12cscie151project+OliviaMelton@gmail.com
749,Irene,Fields,cscie12cscie151project+IreneFields@gmail.com
750,Jodi,Pugh,cscie12cscie151project+JodiPugh@gmail.com
751,Gage,Pacheco,cscie12cscie151project+GagePacheco@gmail.com
752,Rhonda,Evans,cscie12cscie151project+RhondaEvans@gmail.com
753,Danny,Olsen,cscie12cscie151project+DannyOlsen@gmail.com
754,Gabriel,Raymond,cscie12cscie151project+GabrielRaymond@gmail.com
755,Jonathan,Hoover,cscie12cscie151project+JonathanHoover@gmail.com
756,Maya,Koch,cscie12cscie151project+MayaKoch@gmail.com
757,Daisy,Macias,cscie12cscie151project+DaisyMacias@gmail.com
758,Shawn,Burgess,cscie12cscie151project+ShawnBurgess@gmail.com
759,Dianna,Rodriguez,cscie12cscie151project+DiannaRodriguez@gmail.com
760,Krista,Lynch,cscie12cscie151project+KristaLynch@gmail.com
761,Brittney,Ellison,cscie12cscie151project+BrittneyEllison@gmail.com
762,Erik,Cline,cscie12cscie151project+ErikCline@gmail.com
763,Angelina,Chandler,cscie12cscie151project+AngelinaChandler@gmail.com
764,Brendan,Barnett,cscie12cscie151project+BrendanBarnett@gmail.com
765,Gabriela,Felix,cscie12cscie151project+GabrielaFelix@gmail.com
766,Luke,Brock,cscie12cscie151project+LukeBrock@gmail.com
767,Marilyn,Peralta,cscie12cscie151project+MarilynPeralta@gmail.com
768,Joan,Kennedy,cscie12cscie151project+JoanKennedy@gmail.com
769,Denise,Townsend,cscie12cscie151project+DeniseTownsend@gmail.com
770,Angie,Graham,cscie12cscie151project+AngieGraham@gmail.com
771,Lily,Savage,cscie12cscie151project+LilySavage@gmail.com
772,Georgia,Byrd,cscie12cscie151project+GeorgiaByrd@gmail.com
773,Cesar,Mann,cscie12cscie151project+CesarMann@gmail.com
774,Frederick,Warren,cscie12cscie151project+FrederickWarren@gmail.com
775,Amelia,Powers,cscie12cscie151project+AmeliaPowers@gmail.com
776,Katie,Andrews,cscie12cscie151project+KatieAndrews@gmail.com
777,Jaxson,Cano,cscie12cscie151project+JaxsonCano@gmail.com
778,Natalia,Boyd,cscie12cscie151project+NataliaBoyd@gmail.com
779,Joey,Houston,cscie12cscie151project+JoeyHouston@gmail.com
780,Cynthia,Hood,cscie12cscie151project+CynthiaHood@gmail.com
781,Carol,Vu,cscie12cscie151project+CarolVu@gmail.com
782,Landon,Paul,cscie12cscie151project+LandonPaul@gmail.com
783,Dolores,Jackson,cscie12cscie151project+DoloresJackson@gmail.com
784,Marianne,Dougherty,cscie12cscie151project+MarianneDougherty@gmail.com
785,Rebecca,Horn,cscie12cscie151project+RebeccaHorn@gmail.com
786,Ruben,Davenport,cscie12cscie151project+RubenDavenport@gmail.com
787,Nichole,Hampton,cscie12cscie151project+NicholeHampton@gmail.com
788,Stephen,Blackwell,cscie12cscie151project+StephenBlackwell@gmail.com
789,Colton,Contreras,cscie12cscie151project+ColtonContreras@gmail.com
790,Ramon,Mcdaniel,cscie12cscie151project+RamonMcdaniel@gmail.com
791,Mitchell,Dickson,cscie12cscie151project+MitchellDickson@gmail.com
792,Lloyd,Berg,cscie12cscie151project+LloydBerg@gmail.com
793,Lana,Daniel,cscie12cscie151project+LanaDaniel@gmail.com
794,Alexandria,Schwartz,cscie12cscie151project+AlexandriaSchwartz@gmail.com
795,Ralph,Brandt,cscie12cscie151project+RalphBrandt@gmail.com
796,Micah,Kelley,cscie12cscie151project+MicahKelley@gmail.com
797,Leroy,Barber,cscie12cscie151project+LeroyBarber@gmail.com
798,Josiah,Russo,cscie12cscie151project+JosiahRusso@gmail.com
799,Kelley,Franco,cscie12cscie151project+KelleyFranco@gmail.com
800,Giovanni,Hinton,cscie12cscie151project+GiovanniHinton@gmail.com
801,Cara,Sandoval,cscie12cscie151project+CaraSandoval@gmail.com
802,Barbara,Bravo,cscie12cscie151project+BarbaraBravo@gmail.com
803,Alexandra,Burnett,cscie12cscie151project+AlexandraBurnett@gmail.com
804,Damian,Buck,cscie12cscie151project+DamianBuck@gmail.com
805,Hayley,Bowman,cscie12cscie151project+HayleyBowman@gmail.com
806,Gerald,Newman,cscie12cscie151project+GeraldNewman@gmail.com
807,Ellen,Woods,cscie12cscie151project+EllenWoods@gmail.com
808,Jonathon,Gibbs,cscie12cscie151project+JonathonGibbs@gmail.com
809,Selena,Clay,cscie12cscie151project+SelenaClay@gmail.com
810,Leilani,Horne,cscie12cscie151project+LeilaniHorne@gmail.com
811,Maurice,Wong,cscie12cscie151project+MauriceWong@gmail.com
812,Roy,Manning,cscie12cscie151project+RoyManning@gmail.com
813,Camila,Cochran,cscie12cscie151project+CamilaCochran@gmail.com
814,Deborah,Shelton,cscie12cscie151project+DeborahShelton@gmail.com
815,Garrett,Beard,cscie12cscie151project+GarrettBeard@gmail.com
816,Constance,Thomas,cscie12cscie151project+ConstanceThomas@gmail.com
817,Andres,Perry,cscie12cscie151project+AndresPerry@gmail.com
818,Debra,Fischer,cscie12cscie151project+DebraFischer@gmail.com
819,Crystal,Larsen,cscie12cscie151project+CrystalLarsen@gmail.com
820,Casey,Cannon,cscie12cscie151project+CaseyCannon@gmail.com
821,Victoria,Long,cscie12cscie151project+VictoriaLong@gmail.com
822,Jan,Blevins,cscie12cscie151project+JanBlevins@gmail.com
823,Lucia,Schmitt,cscie12cscie151project+LuciaSchmitt@gmail.com
824,Nancy,Charles,cscie12cscie151project+NancyCharles@gmail.com
825,Jeanne,Mason,cscie12cscie151project+JeanneMason@gmail.com
826,Ann,Stark,cscie12cscie151project+AnnStark@gmail.com
827,Christie,Wagner,cscie12cscie151project+ChristieWagner@gmail.com
828,Nolan,Ford,cscie12cscie151project+NolanFord@gmail.com
829,Paisley,Sanchez,cscie12cscie151project+PaisleySanchez@gmail.com
830,Shannon,Weiss,cscie12cscie151project+ShannonWeiss@gmail.com
831,Tina,Bullock,cscie12cscie151project+TinaBullock@gmail.com
832,Brandy,Fitzpatrick,cscie12cscie151project+BrandyFitzpatrick@gmail.com
833,Oscar,Moran,cscie12cscie151project+OscarMoran@gmail.com
834,Bryson,Winters,cscie12cscie151project+BrysonWinters@gmail.com
835,Genesis,Herrera,cscie12cscie151project+GenesisHerrera@gmail.com
836,Harper,Mack,cscie12cscie151project+HarperMack@gmail.com
837,Esther,Bennett,cscie12cscie151project+EstherBennett@gmail.com
838,David,Pittman,cscie12cscie151project+DavidPittman@gmail.com
839,Steve,Keller,cscie12cscie151project+SteveKeller@gmail.com
840,Seth,Green,cscie12cscie151project+SethGreen@gmail.com
841,Cathy,Sellers,cscie12cscie151project+CathySellers@gmail.com
842,Eduardo,Nixon,cscie12cscie151project+EduardoNixon@gmail.com
843,Gwendolyn,Medrano,cscie12cscie151project+GwendolynMedrano@gmail.com
844,Gianna,Dalton,cscie12cscie151project+GiannaDalton@gmail.com
845,Abraham,Wilkinson,cscie12cscie151project+AbrahamWilkinson@gmail.com
846,Erica,Barr,cscie12cscie151project+EricaBarr@gmail.com
847,Martha,Mitchell,cscie12cscie151project+MarthaMitchell@gmail.com
848,Clyde,Daniels,cscie12cscie151project+ClydeDaniels@gmail.com
849,Sadie,Perkins,cscie12cscie151project+SadiePerkins@gmail.com
850,Cindy,Ward,cscie12cscie151project+CindyWard@gmail.com
851,Dustin,Stephens,cscie12cscie151project+DustinStephens@gmail.com
852,Joanne,Casey,cscie12cscie151project+JoanneCasey@gmail.com
853,Lilly,Kaur,cscie12cscie151project+LillyKaur@gmail.com
854,Geoffrey,Oconnor,cscie12cscie151project+GeoffreyOconnor@gmail.com
855,Craig,Mendoza,cscie12cscie151project+CraigMendoza@gmail.com
856,Janet,Rose,cscie12cscie151project+JanetRose@gmail.com
857,Heidi,Velez,cscie12cscie151project+HeidiVelez@gmail.com
858,Manuel,Bradshaw,cscie12cscie151project+ManuelBradshaw@gmail.com
859,Wendy,Shields,cscie12cscie151project+WendyShields@gmail.com
860,Bryan,Santos,cscie12cscie151project+BryanSantos@gmail.com
861,Aaron,Copeland,cscie12cscie151project+AaronCopeland@gmail.com
862,Tyrone,Parsons,cscie12cscie151project+TyroneParsons@gmail.com
863,Katherine,Fry,cscie12cscie151project+KatherineFry@gmail.com
864,Nicholas,Carson,cscie12cscie151project+NicholasCarson@gmail.com
865,Damien,Hall,cscie12cscie151project+DamienHall@gmail.com
866,Jeanette,Freeman,cscie12cscie151project+JeanetteFreeman@gmail.com
867,Felix,Moore,cscie12cscie151project+FelixMoore@gmail.com
868,Bentley,Blair,cscie12cscie151project+BentleyBlair@gmail.com
869,Lucille,Benjamin,cscie12cscie151project+LucilleBenjamin@gmail.com
870,Beau,Stewart,cscie12cscie151project+BeauStewart@gmail.com
871,Brayden,Jacobs,cscie12cscie151project+BraydenJacobs@gmail.com
872,Celeste,Leblanc,cscie12cscie151project+CelesteLeblanc@gmail.com
873,Arianna,Valencia,cscie12cscie151project+AriannaValencia@gmail.com
874,Gracie,Nicholson,cscie12cscie151project+GracieNicholson@gmail.com
875,Tim,Singleton,cscie12cscie151project+TimSingleton@gmail.com
876,Jake,Knight,cscie12cscie151project+JakeKnight@gmail.com
877,Darius,Parker,cscie12cscie151project+DariusParker@gmail.com
878,Delores,Wells,cscie12cscie151project+DeloresWells@gmail.com
879,Grant,Griffin,cscie12cscie151project+GrantGriffin@gmail.com
880,Cristian,Lopez,cscie12cscie151project+CristianLopez@gmail.com
881,Bernice,Shaffer,cscie12cscie151project+BerniceShaffer@gmail.com
882,Cheyenne,Washington,cscie12cscie151project+CheyenneWashington@gmail.com
883,Karla,Glenn,cscie12cscie151project+KarlaGlenn@gmail.com
884,Alma,Wilkins,cscie12cscie151project+AlmaWilkins@gmail.com
885,Lindsey,Mahoney,cscie12cscie151project+LindseyMahoney@gmail.com
886,Devin,Compton,cscie12cscie151project+DevinCompton@gmail.com
887,Kelli,Skinner,cscie12cscie151project+KelliSkinner@gmail.com
888,Tony,Mcintosh,cscie12cscie151project+TonyMcintosh@gmail.com
889,Marion,Morales,cscie12cscie151project+MarionMorales@gmail.com
890,Katrina,Clarke,cscie12cscie151project+KatrinaClarke@gmail.com
891,Simon,Soto,cscie12cscie151project+SimonSoto@gmail.com
892,Christopher,Pena,cscie12cscie151project+ChristopherPena@gmail.com
893,Mario,Duffy,cscie12cscie151project+MarioDuffy@gmail.com
894,Alec,Ayala,cscie12cscie151project+AlecAyala@gmail.com
895,Trevor,Figueroa,cscie12cscie151project+TrevorFigueroa@gmail.com
896,Jared,Wiggins,cscie12cscie151project+JaredWiggins@gmail.com
897,Stuart,Lang,cscie12cscie151project+StuartLang@gmail.com
898,Emmanuel,Robbins,cscie12cscie151project+EmmanuelRobbins@gmail.com
899,Norma,Terry,cscie12cscie151project+NormaTerry@gmail.com
900,Sheila,Humphrey,cscie12cscie151project+SheilaHumphrey@gmail.com
901,Kennedy,Potter,cscie12cscie151project+KennedyPotter@gmail.com
902,Amy,Suarez,cscie12cscie151project+AmySuarez@gmail.com
903,Brandon,Dyer,cscie12cscie151project+BrandonDyer@gmail.com
904,Beth,Waters,cscie12cscie151project+BethWaters@gmail.com
905,Savannah,Davidson,cscie12cscie151project+SavannahDavidson@gmail.com
906,Calvin,Burton,cscie12cscie151project+CalvinBurton@gmail.com
907,Mila,Cuevas,cscie12cscie151project+MilaCuevas@gmail.com
908,Angel,Stephenson,cscie12cscie151project+AngelStephenson@gmail.com
909,Kelsey,Mercado,cscie12cscie151project+KelseyMercado@gmail.com
910,Catherine,Rodgers,cscie12cscie151project+CatherineRodgers@gmail.com
911,Bradley,Leonard,cscie12cscie151project+BradleyLeonard@gmail.com
912,Dwight,Montoya,cscie12cscie151project+DwightMontoya@gmail.com
913,Tom,Peck,cscie12cscie151project+TomPeck@gmail.com
914,Jasmin,Vazquez,cscie12cscie151project+JasminVazquez@gmail.com
915,Cecilia,Lowery,cscie12cscie151project+CeciliaLowery@gmail.com
916,Lorraine,Henderson,cscie12cscie151project+LorraineHenderson@gmail.com
917,Vincent,Mccarty,cscie12cscie151project+VincentMccarty@gmail.com
918,Glenn,Wallace,cscie12cscie151project+GlennWallace@gmail.com
919,Natasha,Mcdonald,cscie12cscie151project+NatashaMcdonald@gmail.com
920,Tamara,Oconnell,cscie12cscie151project+TamaraOconnell@gmail.com
921,Allison,Carpenter,cscie12cscie151project+AllisonCarpenter@gmail.com
922,Connor,Stout,cscie12cscie151project+ConnorStout@gmail.com
923,Russell,Alvarado,cscie12cscie151project+RussellAlvarado@gmail.com
924,Annabelle,Alexander,cscie12cscie151project+AnnabelleAlexander@gmail.com
925,Tanner,Drake,cscie12cscie151project+TannerDrake@gmail.com
926,Bobby,Luna,cscie12cscie151project+BobbyLuna@gmail.com
927,Jane,Marquez,cscie12cscie151project+JaneMarquez@gmail.com
928,Myles,Cabrera,cscie12cscie151project+MylesCabrera@gmail.com
929,Jerome,Dudley,cscie12cscie151project+JeromeDudley@gmail.com
930,Roxanne,Fuller,cscie12cscie151project+RoxanneFuller@gmail.com
931,Melanie,Richmond,cscie12cscie151project+MelanieRichmond@gmail.com
932,Raquel,Hurst,cscie12cscie151project+RaquelHurst@gmail.com
933,Joanna,Beck,cscie12cscie151project+JoannaBeck@gmail.com
934,Fred,Escobar,cscie12cscie151project+FredEscobar@gmail.com
935,Aria,Collins,cscie12cscie151project+AriaCollins@gmail.com
936,Maria,Donaldson,cscie12cscie151project+MariaDonaldson@gmail.com
937,Candice,Frazier,cscie12cscie151project+CandiceFrazier@gmail.com
938,Hector,Maxwell,cscie12cscie151project+HectorMaxwell@gmail.com
939,Pauline,Orozco,cscie12cscie151project+PaulineOrozco@gmail.com
940,Stacy,Simpson,cscie12cscie151project+StacySimpson@gmail.com
941,Jaclyn,Francis,cscie12cscie151project+JaclynFrancis@gmail.com
942,Aiden,Rivers,cscie12cscie151project+AidenRivers@gmail.com
943,Gene,Bowers,cscie12cscie151project+GeneBowers@gmail.com
944,Connie,Kirk,cscie12cscie151project+ConnieKirk@gmail.com
945,Steven,Bond,cscie12cscie151project+StevenBond@gmail.com
946,Marcia,Maynard,cscie12cscie151project+MarciaMaynard@gmail.com
947,Everett,Tang,cscie12cscie151project+EverettTang@gmail.com
948,Jacob,Thornton,cscie12cscie151project+JacobThornton@gmail.com
949,Isabel,Duke,cscie12cscie151project+IsabelDuke@gmail.com
950,Alexander,Guzman,cscie12cscie151project+AlexanderGuzman@gmail.com
951,Alberto,Hunter,cscie12cscie151project+AlbertoHunter@gmail.com
952,Anthony,Macdonald,cscie12cscie151project+AnthonyMacdonald@gmail.com
953,Stephanie,Melendez,cscie12cscie151project+StephanieMelendez@gmail.com
954,Cooper,Johns,cscie12cscie151project+CooperJohns@gmail.com
955,Cassidy,Ortiz,cscie12cscie151project+CassidyOrtiz@gmail.com
956,Abel,Daugherty,cscie12cscie151project+AbelDaugherty@gmail.com
957,Jeffrey,Shannon,cscie12cscie151project+JeffreyShannon@gmail.com
958,Rose,Fox,cscie12cscie151project+RoseFox@gmail.com
959,Adam,Boyer,cscie12cscie151project+AdamBoyer@gmail.com
960,Sherry,Silva,cscie12cscie151project+SherrySilva@gmail.com
961,Zion,Bryan,cscie12cscie151project+ZionBryan@gmail.com
962,Edith,Krueger,cscie12cscie151project+EdithKrueger@gmail.com
963,Martin,Jimenez,cscie12cscie151project+MartinJimenez@gmail.com
964,Cristina,Chung,cscie12cscie151project+CristinaChung@gmail.com
965,Caleb,Lynn,cscie12cscie151project+CalebLynn@gmail.com
966,Lois,Travis,cscie12cscie151project+LoisTravis@gmail.com
967,Kendra,Cohen,cscie12cscie151project+KendraCohen@gmail.com
968,Beatrice,Williamson,cscie12cscie151project+BeatriceWilliamson@gmail.com
969,Dale,Graves,cscie12cscie151project+DaleGraves@gmail.com
970,Tyson,Santiago,cscie12cscie151project+TysonSantiago@gmail.com
971,Lester,Magana,cscie12cscie151project+LesterMagana@gmail.com
972,Hayden,Valenzuela,cscie12cscie151project+HaydenValenzuela@gmail.com
973,Melvin,Rosales,cscie12cscie151project+MelvinRosales@gmail.com
974,Stacey,Mayer,cscie12cscie151project+StaceyMayer@gmail.com
975,Harrison,Kane,cscie12cscie151project+HarrisonKane@gmail.com
976,Yolanda,Sexton,cscie12cscie151project+YolandaSexton@gmail.com
977,Dominique,Grimes,cscie12cscie151project+DominiqueGrimes@gmail.com
978,Dan,House,cscie12cscie151project+DanHouse@gmail.com
979,Derrick,Roach,cscie12cscie151project+DerrickRoach@gmail.com
980,Kirsten,Ramirez,cscie12cscie151project+KirstenRamirez@gmail.com
981,Lena,Floyd,cscie12cscie151project+LenaFloyd@gmail.com
982,Leonard,Norman,cscie12cscie151project+LeonardNorman@gmail.com
983,Yvette,Callahan,cscie12cscie151project+YvetteCallahan@gmail.com
984,Virginia,Mayo,cscie12cscie151project+VirginiaMayo@gmail.com
985,Cassandra,Pearson,cscie12cscie151project+CassandraPearson@gmail.com
986,Lonnie,Gallegos,cscie12cscie151project+LonnieGallegos@gmail.com
987,Andrea,Curtis,cscie12cscie151project+AndreaCurtis@gmail.com
988,Mariah,Chavez,cscie12cscie151project+MariahChavez@gmail.com
989,Aurora,Chase,cscie12cscie151project+AuroraChase@gmail.com
990,Dante,Arnold,cscie12cscie151project+DanteArnold@gmail.com
991,Dawn,Hardin,cscie12cscie151project+DawnHardin@gmail.com
992,Gladys,Terrell,cscie12cscie151project+GladysTerrell@gmail.com
993,Mason,Woodward,cscie12cscie151project+MasonWoodward@gmail.com
994,Valeria,Garner,cscie12cscie151project+ValeriaGarner@gmail.com
995,Spencer,Sloan,cscie12cscie151project+SpencerSloan@gmail.com
996,Natalie,Martinez,cscie12cscie151project+NatalieMartinez@gmail.com
997,Louise,Conner,cscie12cscie151project+LouiseConner@gmail.com
998,Carrie,Guevara,cscie12cscie151project+CarrieGuevara@gmail.com
999,Colby,Ochoa,cscie12cscie151project+ColbyOchoa@gmail.com
1000,Colleen,Li,cscie12cscie151project+ColleenLi@gmail.com